"","V1","V2","V3","V4","V5","V6","V7","V8","V9","V10","V11","V12","V13","V14","V15","V16","V17","V18","V19","V20","V21","V22","V23","V24","V25","V26","V27","V28","V29","V30","V31","V32"
"1",57652307447.0062,57652307447.0062,57652307447.0062,57652307447.0062,57652307447.0062,57652307447.0062,57652307447.0062,57652307447.0062,42565.0402052984,42565.0402052984,42565.0402052984,42565.0402052984,42565.0402052984,42565.0402052984,42565.0402052984,42565.0402052984,2.16689911020837,0.633939631530281,5.65030344277938,1.56246760388638,1.86612327247727,2.16689911020837,2.75992217443965,3.53325117347231,35.4983956085146,35.4983956085146,35.4983956085146,35.4983956085146,35.4983956085146,35.4983956085146,35.4983956085146,35.4983956085146
"2",54940765052.0234,56858435448.8043,50594835404.9392,55696533493.0868,55316790637.3961,54940765052.0234,54199720315.1232,53234068612.7442,635147.016935422,635147.016935422,635147.016935422,635147.016935422,635147.016935422,635147.016935422,635147.016935422,635147.016935422,2.03765594764766,0.62286924509959,4.77321498386936,1.49524939319956,1.77025427040827,2.03765594764766,2.55032319515742,3.18987912933057,33.3809967672162,34.8784826501127,29.9871380371782,33.9711724415677,33.6746340625574,33.3809967672162,32.8023119738494,32.0482201875682
"3",52261829643.1274,55022825931.1405,47143152817.2785,53228897174.6052,52769637853.9696,52404640291.8337,51350752974.5167,50252336263.0132,32363.2414070592,32485.7783627006,32055.297885618,32412.4302869702,32387.8642095226,32363.2414070592,32313.829619796,32247.6144847079,1.9140603209624,0.598092418704542,4.35800823012077,1.41315725463738,1.66905056658972,1.92065038552217,2.38291542406907,2.96558090367504,31.3561218463501,33.4910445623416,27.3781521486927,32.1060079991468,31.7493879407664,31.4640872882657,30.6489362389536,29.794489146989
"4",50009792308.7331,52971595095.2749,44926175973.562,51005490617.8271,50479515484.3715,50151100952.0273,49026472863.8131,47955016660.3098,37421.8725578445,37642.6861154125,36952.8334778881,37501.5215748888,37464.0181497512,37433.7980672214,37344.4163941552,37247.7509875004,1.81328229000308,0.571236525471742,4.099340438369,1.34141254327174,1.58079381458638,1.81980630929723,2.2504439196541,2.79796132456099,29.7050690304855,31.987184117974,25.7527917410675,30.4759410168964,30.0704378321483,29.8119524486628,28.9449477005241,28.110260716893
"5",48205278182.8608,51125966325.9005,43329872140.6483,49173776396.2068,48583341857.2913,48281102737.2979,47175906090.5159,46157548266.1791,47426.6597323352,47751.1249740928,46783.3266299885,47539.4408502855,47480.352059367,47442.9051550389,47311.3407717865,47180.9802944594,1.73225727758836,0.547008326588688,3.91168289608294,1.28213498375451,1.50758430976469,1.73593565643587,2.14469760669132,2.66635128676102,28.3776311590629,30.6304677495163,24.573630093773,29.129132440791,28.6777386529669,28.437894270933,27.5847268283785,26.7878533434803
"6",47953433888.8395,50764598829.8227,43301948301.9003,48881927124.1135,48237403700.0828,47953337147.8444,46892641478.7184,45925759223.8661,51041.912251178,51410.5130885497,50331.1554798479,51168.3939729907,51091.8109917426,51051.9747525658,50902.515674911,50759.2900961578,1.66702026794307,0.526566153854611,3.76629612162339,1.23387366578328,1.44797384194422,1.66748688925933,2.05991600238199,2.56136778827531,27.3088491294054,29.4857590367869,23.6600803031342,28.0326170399006,27.5437404131692,27.3164938157579,26.4941762027855,25.7329873560134
"7",52910925120.2662,55605926476.0887,48459706363.4743,53800489826.1884,53114572817.3884,52844016368.9082,51829702732.4076,50907184919.9575,620541.921783941,624904.957606733,612249.862886295,622031.599466728,621002.847861065,620541.763945723,618777.065465628,617106.724778146,1.61448260874968,0.509791086921645,3.65089090665532,1.19483042655943,1.39987337223239,1.61219215654365,1.99193055294785,2.47732315491816,26.4481213551898,28.5463987480396,22.934922111272,27.1455398743228,26.6287023326878,26.4105967327238,25.6196754764367,24.8885134466988
"8",61551955943.55,64143460802.4505,57269322823.6364,62407690015.9551,61691880789.4182,61431863850.3957,60458578483.0583,59572805935.1676,64046.0629493053,64407.0202613132,63372.9517358616,64168.7502537355,64074.4706161981,64036.6873142594,63891.9400689064,63755.8830508737,1.57224613264433,0.496203908757479,3.558622712838,1.16338448570781,1.3612819546205,1.56780744923082,1.93752290921724,2.4101029824403,25.7561582539111,27.7855518983925,22.3551465785266,26.4310760185689,25.8945592463081,25.6834390245404,24.9198265100234,24.213089974118
"9",68542402465.038,71047418436.506,64397995381.1422,69370045308.8963,68633594366.8523,68382013873.226,67442832937.1818,66586964719.5764,99506.8011360253,99914.6742242988,98760.5782184875,99644.8560074881,99529.6106098392,99487.1501725568,99325.3046478336,99173.8931956368,1.53877339489075,0.485391960582438,3.48582680560952,1.13843495951262,1.33079020036209,1.53273538997047,1.89460289141256,2.35711013130727,25.2077582204723,27.1801068197903,21.8976879925088,25.8642033249315,25.3144880828869,25.1088372063251,24.3677257311081,23.6805983549009
"10",73736141998.3565,76171217257.9681,69702962094.8231,74541066807.0539,73790772095.6795,73545972733.4648,72634228410.0873,71802338713.5424,78671.8194452282,78926.9513399007,78210.3620774247,78757.9669518648,78681.403931931,78654.9059006395,78554.401454502,78460.5758763618,1.52138608371472,0.479482131793791,3.45208140425658,1.12524299527196,1.31459261872496,1.51418970628519,1.87238878964822,2.3302239025432,24.9226527733675,26.8491013328021,21.6849495352981,25.5643002200182,25.0061414816434,24.8047540695431,24.0816647028871,23.4100316266715
"11",79228505468.8638,81617703179.6136,75264672645.1299,80018779363.4529,79256939175.4086,79016275280.0947,78122404051.4466,77305519113.5913,58595.1283416178,58756.2468053762,58305.7423774008,58649.45255486,58598.849591066,58582.1351333106,58518.977849124,58460.075772281,1.59158973392362,0.499468553756281,3.64228667291424,1.1754434563392,1.37422734852256,1.58357378639945,1.96170404508398,2.44550368764813,26.0711980354426,27.9678335677993,22.8756119603363,26.7037299730017,26.1392269466361,25.9398722630172,25.2284620722902,24.565661091963
"12",88664707624.3674,91089712717.3347,84607392403.0097,89469918882.6172,88683630924.6459,88435013694.9157,87527161532.1266,86690091517.7195,1174326.6307389,1177093.812438,1169380.80293517,1175258.76418521,1174360.46498329,1174073.3834946,1172992.88327744,1171985.38620027,1.95939189784323,0.607753875093555,4.58504288157745,1.44138689538114,1.69103522009265,1.95083964099033,2.42834353500943,3.04059497584327,32.0929478530624,34.0304026789288,28.7883343929926,32.7432330924962,32.1626100327091,31.9528356937192,31.2257465114951,30.5384231755998
"13",100466885840.128,103167255776.63,95817560678.8177,101376730973.743,100521781292.708,100225060732.918,99211032894.6772,98244389136.4282,42266.3863931405,42347.9870109563,42120.1895114134,42293.9368154295,42267.0391817901,42258.4420845577,42226.6644680037,42196.8182723277,2.71868274897806,0.835050889433824,6.46471130221015,1.99377338146758,2.34763359968581,2.71005545522212,3.38668892765973,4.25365021454259,44.5294484520266,46.7575926598336,40.5909376530532,45.2915194257521,44.6508170818743,44.3881069864711,43.5491188420998,42.7220607466355
"14",109411428906.638,112776979059.034,103425668407.495,110565179730.05,109574559531.947,109174038923.477,107905190728.761,106647723848.968,34311.330616555,34369.2875736965,34204.405307398,34331.1811233628,34312.5378261956,34305.997896595,34283.3719787079,34261.3971062483,3.4689652271232,1.06696856727687,8.19793579213656,2.54601861300415,3.00040357369677,3.46136916972519,4.32289017105524,5.42178622619801,56.8231908931404,59.7448974944755,51.4869002484805,57.8400346198276,57.0703261095225,56.6987443654391,55.593872238866,54.4624486197588
"15",115240807958.527,119483909905.629,107681607521.317,116696766618.377,115538046833.033,115029289388.334,113426856605.608,111834122437.585,31973.076868729,32029.9227247541,31863.4061953828,31992.9311874769,31975.907973639,31968.942791391,31946.5563096682,31923.8771020818,3.77066724331388,1.17080654826728,8.73577597087574,2.77676987878096,3.26782532525881,3.76536193506759,4.68427332812591,5.8513064360543,61.7696361488917,65.5605889553561,54.8766896703488,63.0853851574253,62.1607351488234,61.6827195978258,60.2470605636955,58.7843434980873
"16",121117973693.916,126043920201.763,112558107150.795,122785939389.896,121483996015.034,120925585589.142,119066850755.752,117271484485.039,35444.0991850839,35515.5265235626,35303.7443849079,35469.1610454849,35449.264062039,35440.4084663155,35412.0266941126,35383.0576790202,3.73883959915485,1.17227256849694,8.51669440137046,2.76192265546702,3.24390512614358,3.73520762559346,4.62826281509242,5.76255448523516,61.2488407242659,65.6428635457543,53.5018663172181,62.748505715307,61.7062383077467,61.1893403620229,59.5274202059041,57.8936454786085
"17",134521215264.469,139785558154.688,125614321714.06,136279076044.737,134861370765.476,134301826580.45,132319002745.04,130463346989.086,33365.5300426339,33436.1372249213,33228.9861450568,33390.038749223,33370.9628240424,33362.6619993252,33334.5016139416,33306.5009513295,3.84450774181409,1.20699762384614,8.77069726115279,2.84023290735232,3.33316430297914,3.8395986409664,4.75524672525406,5.923516691949,62.9766503745574,67.5864236575412,55.0884856051702,64.5253520414802,63.4013869976939,62.8962308364313,61.1564975347446,59.5053558917766
"18",152745659047.236,158249065659.073,143490731651.895,154578048846.475,153029933286.651,152454210342.311,150383726443.094,148460658646.37,24827.4660573758,24873.2847039744,24741.6550296682,24843.1403893803,24830.5294535158,24825.4824429754,24807.2710855149,24789.7515139679,4.34157103342399,1.35485898993659,10.0359439673062,3.20051020877182,3.75822103806208,4.33265103185352,5.37939482758311,6.7189133459215,71.1168997638766,75.8653775849913,63.0298680319632,72.7087306286466,71.4847327525164,70.9707727617406,69.1808681935044,67.4921287710253
"19",165437273076.591,171403484010.383,155261063749.799,167439086597.022,165716279118.252,165070190348.419,162825389682.171,160705106454.71,22612.5817479408,22646.7078459109,22549.5617505566,22624.2025052855,22614.4020243254,22610.7087901394,22597.203301629,22584.3369847256,4.90607216421323,1.52732454574907,11.3717846564508,3.61432904037168,4.24450078893911,4.89313814036364,6.08120928696696,7.59896705589865,80.3663253893305,85.5233334252241,71.4270129621444,82.1116831464915,80.7364624397749,80.1544354527241,78.2098523410894,76.3367971218267
"20",172031728415.16,178647000266.694,160660333856.433,174260533866.915,172347553659.166,171617249751.783,169128071369.851,166754341416.071,29452.7760818718,29493.9844173291,29375.4935548861,29466.9168870068,29454.7666483595,29450.1472946361,29433.8242577223,29418.0051573439,5.12666650375984,1.6025520589042,11.7689468857347,3.78267086865783,4.4370327023617,5.11182118436586,6.34214590949237,7.90931038591594,83.983223517808,89.7366986261372,73.9307207118921,85.9385298871345,84.4015572943687,83.7400177186113,81.570013268685,79.4599398317946
"21",174835483803.102,181963705255.169,162697213567.273,177225096960.067,175157718456.567,174388338398.33,171708720490.666,169180823592.281,594673.661585368,595526.210041848,593050.868180522,594967.854932753,594715.794103254,594618.142075837,594279.216644572,593946.9607121,5.13037882391011,1.61119106781969,11.6816949652429,3.79107014787183,4.4409474171384,5.11462725029188,6.33350037424274,7.88617105215121,84.0433177806112,90.2202550357073,73.3804303031375,86.1288483097039,84.4754077040787,83.7852640896993,81.4578698300259,79.2262206147572
"22",174684440597.526,182085578069.612,162232034112.734,177150105230.932,174961545069.636,174186199210.379,171407822435.865,168823659698.95,96695.2783287773,96839.6773601472,96421.4584854163,96744.931287571,96702.0499581247,96685.84187646,96628.3019692891,96572.414794557,5.51017136564442,1.72523433400439,12.6514761613692,4.06666654538316,4.76572424256337,5.49209835771261,6.80973524625053,8.49404438025601,90.259043316345,96.6045550695844,79.4560498629182,92.3859154909225,90.6482819860136,89.9629604759554,87.5754083957381,85.3232892437155
"23",171367123683.888,179163903803.831,158168735158.632,173973333706.331,171627411115.138,170798559051.085,167872230503.624,165130892405.512,51972.1678013197,52052.7691590158,51820.6390526426,51999.7398704873,51975.3037833318,51966.5050803248,51934.3474574975,51903.5250588295,6.5771445977478,2.04315475507065,15.3313848377195,4.8412264528177,5.68384328248583,6.55521145728934,8.15433999448793,10.2017487312273,107.73413473193,114.405799876396,96.2808828510997,109.980506686376,108.109649281232,107.374813762636,104.864438288849,102.473455584057
"24",164422394701.473,173172342452.115,149299398825.241,167379558358.77,164782464070.755,163804034956.546,160515264395.882,157357600493.392,47683.334537162,47763.9925560662,47529.4322576114,47711.0695285915,47686.1408810118,47677.17584751,47644.8440760228,47613.558438385,7.628887026214,2.36732208470679,17.7707858482191,5.61473131076273,6.59532475311558,7.60437289475917,9.46324794573438,11.8361782625552,124.968687406323,132.559406122058,111.619703306599,127.557529713596,125.452436685255,124.567079630657,121.705879698632,118.902429138169
"25",155298293963.816,165316079833.479,137897861126.443,158692293288.907,155812865031.579,154678705780.468,150910053831.388,147269756956.319,1131625.70213079,1133939.12029803,1127016.26988566,1132433.53801491,1131725.55344433,1131453.24121023,1130514.59686357,1129578.00607373,7.823771395832,2.44571157815853,17.9335945769716,5.77349102037523,6.7716590653468,7.79996480916464,9.67706243356688,12.063983094545,128.169280488823,136.951225387788,112.664597771395,131.170159758502,128.813592492375,127.779259977929,124.466224895185,121.20445211894
"26",149027899207.496,159882474882.929,130519546055.353,152669005521.236,149587075533.468,148411409708.333,144331874557.601,140475958214.472,49330.5550375138,49458.3751555228,49066.5024988879,49375.5921933473,49337.5040317119,49322.1291213025,49269.453423999,49216.1268549471,7.2331972916223,2.28487088868317,16.2639276746287,5.3560143223658,6.26526035265303,7.21057269658206,8.90710680646725,11.0628983267608,118.498557796986,127.945894426492,102.186275364461,121.688272206278,119.184141519188,118.127899217175,114.568284326689,111.153491736912
"27",146140325330.218,157021367647.208,128070513654.506,149740461025.28,146564354237.539,145461277786.722,141381189299.995,137644296497.606,39996.9410308801,40117.7702546289,39746.8957579587,40039.3045684562,40003.5750500134,39989.5716949222,39939.2920428583,39889.2098708501,6.36024452746686,2.02620123106747,14.1141440563837,4.7216662055029,5.50623428206115,6.3349976539209,7.79799647091498,9.66220472777723,104.198390795832,113.461481774535,88.6820679466067,107.276692345618,104.746088239933,103.784770399764,100.303632472991,97.0819008413606
"28",142601204061.048,152865727696.822,125907408466.347,145961915508.101,142771746832.656,141786976525.422,137949236972.913,134521997209.508,40410.8559145834,40537.829221162,40154.7722716013,40454.8192026273,40416.1411233702,40402.3308161606,40349.4635374338,40298.4249268096,5.50156513173534,1.76109168419343,12.1354960841469,4.08964790440194,4.75402013700061,5.46967906742168,6.71937130530993,8.31742644928093,90.1309356265923,98.6161314204782,76.2500340573356,92.9172420501366,90.4366550483813,89.6085447559673,86.4296576462333,83.5702492896241
"29",140205610971.952,149537812200.172,125208854904.648,143243457319.131,140096687878.614,139231160416.764,135752881044.557,132692147272.254,912632.194974281,915476.499094701,907067.47187286,913605.503522103,912682.639145641,912389.762939457,911210.402669781,910103.093987608,4.74164415938022,1.52079344816184,10.4419074623613,3.52645147633368,4.08638798784534,4.70205646331442,5.77170008742937,7.14284787747769,77.6810345228673,85.1600334430069,65.6080391499334,80.1211576828338,77.7359133381654,77.0324673149327,74.2396208142643,71.768061437389
"30",146731642087.398,155054210637.252,133429404343.801,149433978619.82,146376107251.048,145617681687.193,142525371657.696,139823054331.038,63334.5907513467,63520.9990055535,62979.8763392208,63397.8144709348,63332.2753198501,63313.7537042126,63237.0550339023,63166.4024205846,18.4412152448672,6.47835980616695,33.145288470746,14.2150640886028,16.1347778582748,18.2382364344196,21.6176596718103,25.5660888126815,68.1344218530533,74.607838140021,57.7419789988005,70.2412050915837,67.9827884715344,67.3843051163083,64.9747464540239,62.856937451262
"31",142039816362.313,161048644808.839,115102585282.856,148591585035.923,143858287783.607,141119196255.962,135040220044.557,128667458090.565,50844.2454757796,50967.4231778746,50617.0312950802,50885.67894047,50838.6855129953,50826.7384050658,50776.7715936734,50731.382163157,13.8867101484862,5.71960142149286,17.5843638143658,11.4006243197998,12.533000941996,13.7204962220592,15.3137041390812,16.7254728176312,51.2817691867932,65.8632360451018,30.5478627859642,56.3169425945716,52.7858152397157,50.6675251417237,45.9936147702567,41.0753541566648
"32",140915265308.478,159902402242.367,118981376410.777,147039419869.396,141822448123.904,139687502783.535,133989273243.625,128953462030.885,51644.2720177138,51928.9419420868,51088.970500118,51750.2487726886,51674.609716423,51628.6290629306,51520.2434868497,51396.1850209163,13.1018215787436,5.46968913926864,17.9970498607174,10.7533209224377,11.6864116341384,12.8729330098645,14.3606378691712,15.9539099593696,48.3625301250214,62.9798036186988,31.2120650004919,53.1047472919859,49.2021772890981,47.5166730987359,43.1038600177619,39.1455863290919
"33",140582628494.277,158000270824.671,120955656810.097,146172235157.72,140489931253.179,138625485659.678,133570700349.668,129207447807.332,65365.8481617148,65731.1067159481,64806.7579315029,65493.5024873413,65385.4210861285,65338.9728147691,65208.109364984,65083.3222271031,13.6307791059613,5.58961252217326,19.5657382851013,11.112089384532,12.0028042830143,13.2604615016154,14.9290455012372,16.7583722846558,50.320638550668,64.3618959797143,33.9569955235727,54.8801619280637,50.5383676349473,48.9521208962364,44.8171542315345,41.1300047776247
"34",145550526361.324,162342593817.136,126289306945.477,150978508722.876,145016749601.591,143194255319.412,138386399027.892,134154679874.033,262630.341542457,263995.33649588,260646.612050672,263102.235212366,262622.214054757,262456.545411687,261985.272224749,261550.32780816,13.4479631024761,5.55429528991064,18.8090678866656,11.0005133127147,11.7903770257308,13.0007657457105,14.5934619983088,16.2982228364317,49.6487419874467,63.9561678072754,32.648727027642,54.3313558766388,49.6462992571065,47.9961109666411,43.8130182312821,40.0045446538246
"35",154409641299.774,170726211009.855,135754942066.729,159678784246.116,153628006589.465,151877961077.096,147252098935.551,143186755464.422,73354.3357319613,73700.241295992,72850.1799226199,73474.1959565447,73342.0864197706,73299.6066399262,73182.4286951277,73072.6837772243,14.2254529074238,5.80779706484811,20.5351645949866,11.5816397027544,12.4294355194882,13.7363495146007,15.5057440770465,17.4355506896925,52.4967466017167,66.8688069920428,35.5832181579561,57.1855478700637,52.3179758189803,50.6892603902758,46.5230226625213,42.758708802834
"36",158413883110.166,174953553945.421,139207897185.197,163783373420.077,157589396564.508,155780938729.654,151087399496.83,146897403905.223,771331.120446725,774505.37319465,766812.455174452,772424.162886212,771162.8654539,770780.14401839,769726.666056353,768747.232521182,17.5174418020968,6.91443222856771,26.9965793383917,14.0859102007543,15.3082410926013,16.9943309659825,19.4534464893779,22.1785874494957,64.6375472572853,79.6072068634962,46.7748756297317,69.5443787716763,64.4288545447786,62.7043949780792,58.3597558093688,54.3823511021461
"37",154569300543.73,173325612800.494,131913436274.924,160743696395.29,154060474880.739,151877154474.904,146459076457.216,141434710719.376,40255.6915018973,40415.5712351517,40024.6230875095,40310.9917824604,40246.8804166281,40227.2411123428,40174.1732449681,40124.062645771,20.2875350382798,8.02492344848913,30.6425905358264,16.342734537508,17.8141816454687,19.7395988774472,22.5528318264682,25.5889355654602,74.8909564257356,92.4014368021399,53.1804521383192,80.7094242858581,75.0035374448023,72.8660555604041,67.6996928031233,62.798826497174
"38",145216489705.794,166796870032.217,119163764289.927,152320279768.669,144960200391.611,142430664006.318,136146550204.525,130322288357.586,35038.2892245728,35201.4833401096,34782.3660920752,35096.0426154051,35033.3322345687,35011.7016814044,34955.3635131304,34899.4418060587,19.7074029045035,8.09332813763622,27.3854449760311,16.1039911937597,17.362484413617,19.1280254710321,21.5028204362604,23.9692526196969,72.7731496319966,93.1964829807937,47.5790138773544,79.547933446557,73.1221844016247,70.6320493394919,64.57670175201,58.8596774522612
"39",135691550006.143,158146441512.508,109647587732.309,142980766005.544,135144919176.774,132659746361.041,126200644544.013,120438444421.783,38844.2897076177,39074.1852743061,38461.8974229208,38926.846170221,38841.1669127659,38809.7704868542,38726.9673704354,38643.4526210995,18.2407543940723,7.67999803092231,24.4551581373724,15.0297074395758,15.9999864786575,17.5948677847755,19.5834692647187,21.6778386859723,67.3451823763513,88.433916163774,42.4465194869091,74.2331338691149,67.3735274126596,64.9583051156936,58.7957187525591,53.2099998737328
"40",128468821968.587,150286142269.607,103806904097.279,135489148654.726,127397362188.308,125091593566.812,118922414634.488,113556330286.661,1218759.01989339,1227212.19149119,1204875.53002694,1221780.67532756,1218519.92212634,1217409.28956433,1214328.74334558,1211316.85332654,18.823747926474,7.79223061140767,26.6342959291228,15.3966004438221,16.3878912596702,18.0921619788278,20.3129083484255,22.7535332998052,69.4821104183374,89.7216620935475,46.1937852428581,76.0339833077915,68.9933263653343,66.7785400701235,60.9660117500321,55.8257785777304
"41",124588425700.663,146470244457.602,99438665533.5066,131670172569.679,123307305202.541,120953246936.902,114785194771.385,109329381528.736,60785.5445321181,61239.8387058774,60056.4548401738,60946.9154230377,60759.4319511007,60701.800370737,60537.2201434957,60380.3578098506,19.6165153896154,8.05139859179343,27.9973064954707,16.0025671931896,17.0477535515068,18.8286906177007,21.2156714038158,23.8111280630599,72.4255012286855,92.7103203272541,48.6108691416072,79.0383855422573,71.7858110338235,69.5140891892983,63.6980579412123,58.450581695249
"42",121976098409.247,144442310236.471,95941624603.6747,129268218953.767,120666410212.302,118220846776.692,111880671883.094,106221504816.635,53340.628994156,53763.1700664553,52640.2286049575,53491.9822395729,53311.4901683548,53256.4254626094,53102.0431673885,52951.833260153,17.9008218788766,7.55383566564323,23.8129643237632,14.7644075519194,15.5511065385191,17.0948973901561,19.0217407170171,21.0381564356007,66.114442232583,86.9879330789201,41.4025915744338,72.9399685458635,65.5035263322606,63.1361243334561,57.1400113363306,51.6803138513727
"43",117378858373.419,139003134778.578,93033211830.6006,124329245780.437,115783892894.715,113534497441.851,107508563599.118,102276205022.77,51378.590028517,51811.1261980484,50641.0118075831,51534.6261612614,51348.676010911,51291.1417391421,51130.951931016,50972.8038483264,14.5097721376138,6.38285317752431,17.6876927788833,12.1513703710672,12.5157229947171,13.6912845640331,14.9533389804779,16.2539318868321,53.5974349669512,73.5056366000283,30.7669513704863,60.0364625189561,52.7241690764214,50.5726857144276,44.9272130638008,39.9380096494931
"44",115116439165.399,134122314486.781,94572514281.6306,121143230019.278,113019809670.683,111183774100.912,106024599994.335,101724661508.887,1054471.71381095,1063681.83944834,1039333.48593213,1057762.96395152,1053663.84277467,1052488.13097913,1049110.72118958,1045875.73066783,11.7635477588466,5.26229795416107,14.1650260536019,9.90104166546778,9.99196957244579,10.9307615167354,11.8624773256908,12.8739462663011,43.4446286128205,60.5989236590849,24.6132575158102,48.9122576203824,42.0849813687974,40.3670531705259,35.629055620746,31.6175013267612
"45",123636440613.679,139679319984.113,106570828359.571,128696850381.677,121197245684.783,119716262578.682,115471105081.297,111994378698.642,49795.0761370552,50198.341339993,49189.3116994331,49935.912404339,49742.7629031152,49695.4263181393,49554.1744218141,49426.1973167331,10.9055754919721,4.72913371027493,14.3635239656381,9.06319268079142,9.16596679298875,10.08507939982,11.1282159201523,12.313341895629,40.2584559158569,54.4541033636243,24.9133639421534,44.7605842030643,38.5908050128385,37.2263274301434,33.4012952844654,30.2120718344519
"46",138822650571.66,153011364372.805,123304693407.81,143338144407.339,136436691118.372,135086280532.733,131345203279.201,128190617468.617,46612.0528156241,46897.4864472208,46219.8439755641,46709.378446101,46562.3942201071,46531.3101111638,46438.0405064883,46356.6936192703,12.1521057688956,4.98280275797427,17.7947307062223,9.89607151478475,10.2799627796917,11.3851984394545,12.8782569728053,14.5663853986119,44.8430722286712,57.3695648431408,30.8304377624289,48.8612548755062,43.2667865358871,42.009018326677,38.6343688944652,35.7161643384736
"47",148220125991.021,162419267999.757,131803384418.804,152823567353.869,146274530301.225,144789460163.955,140940219650.949,137501953213.399,48125.3375947999,48338.1149774828,47839.5401455089,48197.4124219722,48085.4202442715,48062.2332887645,47995.632429011,47936.6063619154,14.7497879543763,5.8424567445325,22.5956969705913,11.8753969775675,12.6643868830387,14.0591674547717,16.1013837325643,18.3610859387683,54.431821865655,67.2672580414771,39.1680287667366,58.6354729733553,53.3059585488498,51.8797065939351,48.3105638080966,45.0308776543326
"48",151752354661.391,167684032985.425,132594582324.184,156988411380.119,150412687822.814,148609949416.96,144130781178.923,139978460594.659,1007470.35284271,1011413.39917773,1001905.34581296,1008825.50155979,1006873.12883469,1006406.96002413,1005155.07805343,1003980.43054354,16.3151326629578,6.51806276189681,24.1569164906581,13.1913367021255,14.1779704813514,15.6917433149116,17.8738922195463,20.210358212825,60.2316727619015,75.0524754290169,41.9347077428249,65.1496061618088,59.6974120039629,57.9279929919227,53.6593385632723,49.6052613316186
"49",158609848499.374,176386285588.055,137394681905.89,164436251819.338,157607611403.181,155590576377.62,150514145218.405,145853968869.842,62412.5841221884,62672.2089431578,62021.8643090776,62503.4796116817,62388.3561387871,62355.0947405149,62269.0149204374,62184.5275252336,15.7473333030259,6.49838801666223,21.7666024975655,12.8875975246186,13.7563896477137,15.1534723303368,17.0145085272436,18.9553519001943,58.1443763900218,74.8289309617686,37.7998788606656,63.6562743418946,57.9301493532477,55.9498167840018,51.0898777301334,46.5372626614797
"50",169180453176.105,187399400787.367,148162725911.125,175081000157.669,168041518874.666,166070433701.253,160898440315.016,156312418812.528,79952.4896546597,80290.6878042039,79439.8161220414,80071.0678234284,79931.2456684561,79887.6971135699,79773.1566658136,79661.3068457736,15.9225981446047,6.57729018527465,22.4030722712227,13.0210780331525,13.8741673964838,15.307222422577,17.193824265536,19.2308529896244,58.7658532983391,75.7304102954868,38.8316830257568,64.2974610287272,58.4042269228541,56.4918576275113,51.5949584880671,47.1700411578241
"51",174290968080.051,192742282141.236,153025163257.279,180264694884.297,172983045765.134,170996186248.513,165777413927.459,161157839065.581,80336.7812176259,80644.7971340513,79891.5461788156,80443.2898463142,80315.3955608176,80277.7193018031,80174.6514117807,80077.7974386125,19.0763999780785,7.60261737300052,28.9892109666195,15.389526069672,16.5993546119129,18.4122925120625,21.0027740514855,23.8796340446806,70.3922738817231,87.531349781846,50.2298089569542,75.9824303678319,69.8646139834633,67.9382593479185,63.0097777339952,58.5555992005345
"52",172656904101.563,193238685062.617,148004947743.446,179411634569.264,171583700704.164,169229505577.944,163323414666.182,157893964513.575,756845.865319058,759622.159730445,752851.517391888,757804.624464743,756627.452515408,756289.518116617,755364.848800787,754498.435010103,21.9825738664696,8.73120232957074,33.0652489341703,17.7306611434685,19.2105164927724,21.2838754803843,24.2872389690069,27.5407597381769,81.1478642700831,100.533771192777,57.3830371119308,87.563647366882,80.8821027033656,78.565988740091,72.9052178577885,67.5876475255806
"53",172280145456.839,195761895586.832,144040595105.66,179999072996.922,171458996622.031,168736707430.988,161941340031.351,155667379444.845,51500.1912561692,51712.3862257144,51171.825625027,51574.9992966689,51487.7843973753,51460.0389718752,51387.0552230852,51315.3468938108,21.4790623146158,8.82225014380959,29.9101827178134,17.5503136317277,18.8356719897565,20.7557534358829,23.3389503884003,26.0329436142091,79.313346119904,101.589638419858,51.9599731774368,86.6908494884394,79.3247125243637,76.6404799667669,70.0881952191416,63.9238248843411
"54",175144347427.729,199600133851.699,146779644598.906,183082716619.177,174052012911.866,171359365798.036,164357287648.378,158111916435.434,63249.5585956759,63543.8241353264,62774.4210559663,63354.4470192897,63237.8662251702,63198.321491886,63094.0462859862,62990.0331599498,20.1657537454722,8.46196556237585,27.2606481077063,16.5941038161944,17.618266700955,19.3851796970682,21.6125694525913,23.9675049819629,74.449294260678,97.4372417615272,47.3087799886324,81.9576387505793,74.1852105918971,71.5648655593493,64.8838714572572,58.8253301861159
"55",174525722818.583,198480442941.467,147354423590.23,182242484889.468,172948955766.454,170414560587.338,163658073660.459,157761798698.209,50341.4946174412,50576.9728560298,49974.5181942978,50424.5759284234,50329.4919908589,50299.2768937696,50216.2567690632,50136.2644736167,21.120166119569,8.70384145940044,30.1258629996339,17.2473469258343,18.3365391707709,20.2537557827338,22.783889723241,25.5646535251255,77.9568112540446,100.217554661933,52.2462726607209,85.1722478450582,77.195613007057,74.7552451521234,68.3801889465934,62.7203797676826
"56",169645819797.789,193957788270.364,141569021141.126,177526923433.132,167942657707.438,165314258961.888,158465820260.006,152378854128.831,34290.8770272676,34449.4066609459,34051.4691637826,34346.3295288765,34278.9609702946,34259.3638248442,34204.2738394391,34152.5039127549,22.1615158537053,9.06912573998554,31.7637521658718,18.0608181046458,19.223455289548,21.2364894679125,23.9561392277421,26.9085092788867,81.8204211473604,104.42880546937,55.1472731061958,89.203269070541,80.9462653220431,78.4021836935692,71.9244586283184,66.0519100784084
"57",166261679536.641,191459110613.702,136962178921.321,174449995789.462,164605604227.893,161852021648.544,154742149398.882,148373975399.104,35334.7617848437,35509.1627468739,35062.2939579294,35396.3328440875,35320.7265355297,35298.5219535333,35237.3514617382,35178.5675440737,20.7248208271572,8.68546489900459,27.9957814817841,17.049407034815,17.981020347014,19.7843679585869,22.0805075191069,24.4958486148297,76.5327506543697,100.016127747358,48.6421741054193,84.2200661725993,75.7287056327095,73.0574066162099,66.313324549906,60.1546033599792
"58",165620702949.893,190297781263.782,137629587755.632,173571926796.749,163738230334.861,161144158139.66,154251976489.152,148224425883.3,550117.705525015,553025.244191227,545456.268591411,551151.167948937,549896.692999811,549519.61037853,548486.560990578,547480.972165619,19.1591857044996,8.12422213595901,25.5646454309374,15.819410060503,16.5551716751023,18.2076941038799,20.230509391843,22.3943018273605,70.7338434335361,93.5486086822349,44.3647393061446,78.1320955801848,69.70867895669,67.2176894614597,60.7341457104327,54.9630955370233
"59",162291260040.036,185665549062.524,136091375656.455,169792169738.059,160136221972.021,157738783417.795,151282861477.54,145702999858.425,66499.8811259116,66847.4618235759,65961.9673006148,66622.2538225638,66469.2396274604,66425.8905394152,66303.9375119436,66188.4018558928,20.0986297798732,8.30468983617938,28.6526622814689,16.4246936888753,17.3142437919783,19.1292095964906,21.5163750683612,24.1578812452747,74.1847875350153,95.621325678297,49.6869671692244,81.1087965854431,72.8899066394329,70.6023992569208,64.5731505545468,59.265266638484
"60",153864533150.084,177249824920.201,126962755859.468,161435926522.669,151825202611.105,149335025436.655,142839888853.274,137075853230.998,40623.495532153,40833.6790699222,40306.2364075083,40697.0030589398,40601.1558562299,40575.6162682343,40502.9934256225,40435.275495139,21.3099193998569,8.70548208967637,30.6976300087323,17.3541544216765,18.4080623217929,20.3454637958735,22.9825642946798,25.8540721454611,78.6737497760409,100.240788703682,53.2897963678408,85.7111692750042,77.5102510198274,75.1096801116305,68.9977364868902,63.4588936522105
"61",141165171914.151,165392569099.987,112961592028.215,149041880783.685,139387625190.404,136748769726.055,129961965405.507,123864892477.926,40479.3116769453,40710.4228364468,40113.5868401713,40561.1665203441,40455.9295365948,40426.5505170523,40345.3234594476,40267.1024338988,20.1717506527289,8.42274941291762,27.4576062058327,16.5720094439795,17.4724030431374,19.2348131604792,21.5085113937035,23.9038512352254,74.4892775314604,96.9905101077033,47.7051273554946,81.8610112586124,73.5855563791082,71.0268578676649,64.5940304882685,58.6990969957529
"62",128027190448.163,151911599359.979,100841499980.197,135732529148.533,126194214927.189,123674858310.864,117020998308.779,111173927615.067,498983.909043819,502422.266813619,493230.637172954,500218.969019481,498686.799844758,498232.167810778,496982.395672977,495749.029006954,18.4541114201843,7.83425321040286,24.4915410359342,15.2461577312023,15.9450137032213,17.5301666393054,19.4678175044017,21.527132124068,68.136778982267,90.2113615482593,42.5192290218102,75.3050603482954,67.1445603319108,64.722373217496,58.4521331933362,52.8447552645131
"63",119010397980.854,141589544397.725,93732979541.046,126253441749.582,116959037178.83,114648260472.866,108423043461.341,103044813273.995,315008.130360259,317567.8935438,310713.743430245,315927.594914553,314773.731584113,314440.822018108,313496.499929361,312578.835384657,18.3827040799499,7.69010262588632,25.5083915507011,15.0929455262254,15.824504341751,17.4524916584569,19.5250729103533,21.7998778467275,67.8613129282,88.5479553069904,44.2577745134634,74.5397037928798,66.6268522655905,64.4237586359738,58.6092242394697,53.495792129738
"64",111998987786.316,133933263440.451,87090271783.3964,119069350264.828,109957140079.939,107671606768.759,101620786835.011,96317979732.5614,47759.7222025505,48181.8393723088,47062.4724935035,47910.7246302371,47713.7468469706,47660.0990846722,47504.8764723368,47356.6222778648,18.4226846754803,7.65329412667745,25.7322375941607,15.093429275499,15.8635509244032,17.5001304034707,19.6334713036767,21.9506146096305,68.0224839681169,88.1277353846607,44.6879341098483,74.5515566120934,66.8028184193509,64.613211654511,58.9525857456873,53.8895530677373
"65",102565190186.878,124267132342.657,77756095884.5889,109576981138.682,100641291425.142,98353723219.5697,92348299470.489,87047080171.3981,41246.0439036048,41642.8038641443,40570.9718414181,41389.0254286668,41201.5330097904,41149.8284128772,41002.4299574581,40859.0466603114,16.4592897687688,7.01119482967299,21.5577717635679,13.6195723463396,14.1709245041231,15.5665430591104,17.2623966143986,19.0423094616481,60.7921121686675,80.7396162737941,37.4852433525438,67.2855318280191,59.6912683836774,57.4929598907612,51.8568122177865,46.7796546431707
"66",93467217461.3615,113802600536.839,70804310001.5358,99981437889.4359,91424923938.3728,89365613696.5554,83796779156.9373,79002114033.0725,49658.3350459682,50212.4542119034,48676.9283284887,49859.9444643185,49598.4217420718,49524.3332469486,49313.5838280497,49105.161805969,13.1355453491756,5.82353808765812,15.7865744228944,11.0306696593653,11.2242985538781,12.2710734096425,13.3614785662719,14.4890429396242,48.5240605987769,67.0653416481921,27.4676175153353,54.5014598104253,47.2861384277897,45.3293792656168,40.1478434376712,35.6057947402677
"67",90748712693.026,108293866111.857,71931869485.6965,96298221386.7102,88384569401.7758,86730017363.1227,82043129135.7684,78164546223.6212,181883.022722986,184150.801903875,177957.484886852,182703.405799759,181603.443682589,181309.526104276,180447.871800023,179616.520818816,10.2424806080376,4.64741489074792,11.9325926855672,8.66699913406466,8.60803161851469,9.40097620455456,10.135742355388,10.93182748616,37.8314680773024,53.5194370710087,20.7447914959177,42.8191299128791,36.259509646772,34.7216707818185,30.4478975423009,26.8542656579642
"68",95193972110.1492,109599026792.626,80074249070.9884,99718361771.8839,92608755029.0141,91323989000.9136,87583624860.7137,84561189494.5284,38784.534471746,39234.8064965054,38078.9316447319,38943.5067743971,38711.1871983243,38657.6521080004,38495.1919248889,38347.2152033404,9.19440342528561,4.04242097962709,11.8271090596283,7.67824601020776,7.63706575812293,8.39341951197207,9.209946295915,10.1481184965564,33.9415876934355,46.5470212646696,20.5114368031097,37.9208489927241,32.1534322581594,30.981571103192,27.642761381174,24.898082526759
"69",100415362842.936,112744414483.607,87116567165.0697,104321763075.377,97963818092.2585,96831196116.6454,93649689710.5851,91001065514.397,30539.8033989012,30814.2003069054,30154.0439055688,30633.972469129,30482.1518881911,30452.3724026543,30361.0646748641,30281.8281498121,10.1939706832513,4.20212649949035,14.8565398300636,8.31491256414074,8.54509860917871,9.46390273384273,10.6915703170101,12.0904608040685,37.6208135951304,48.3823010338923,25.7496160452166,41.0569443245274,35.9676199074656,34.9229020240343,32.0782801841188,29.6504244822982
"70",101699545818.311,113783707879.1,87822301706.7196,105609283102.052,99738543810.9626,98499592533.3082,95279573373.7317,92413987258.5345,70994.364521144,71498.3204505941,70302.6209061788,71166.1305421,70880.0345415755,70825.3889361841,70665.3061094475,70524.1012327974,11.3600325377405,4.5830713522349,16.7812443582155,9.20865503374267,9.67980885529706,10.7200087542747,12.1925105244519,13.8046615654415,41.9360357826593,52.7713544931008,29.1231565771019,45.4781408137783,40.7546905316873,39.5708781978894,36.5987813584942,33.8770604234791
"71",99665209470.4089,112443697641.369,84627139563.6622,103834505415.317,98208150235.7087,96819949866.7244,93303189295.4432,90099906788.9536,265338.744309126,267145.842393855,262694.833554849,265965.889750872,265006.873540962,264790.834595558,264204.854114652,263651.424929462,11.1271875775533,4.58763457377836,15.4898667568006,9.10082089216411,9.58487698199851,10.5667647117834,11.8871161658768,13.2768602578275,41.0864538594366,52.8269264024483,26.9039893945014,44.9529043737972,40.3638993864771,39.0154506593431,35.6947655581789,32.5975215910021
"72",97223361278.9288,110174499886.302,82300299535.1877,101417812061.186,95962137106.4646,94583644613.324,90991716828.2626,87793952377.8639,22845.5964611562,23015.3701316642,22585.0936872955,22905.2951695945,22823.6167409046,22802.1014010682,22744.9285290763,22689.2448233507,10.7097651033001,4.47052559934053,14.6893884834273,8.79416074096982,9.2502041305355,10.1898560796761,11.4014678905831,12.6925285824069,39.5352883035782,51.4757984208533,25.4829029869112,43.4313192414288,38.9462341820408,37.6140395749579,34.2235142519975,31.1456216165621
"73",94480085175.1957,107205436288.799,79988365623.744,98584394661.2327,93240114419.122,91907552299.9853,88379541181.731,85280911725.1906,21821.3171925324,21993.0629891291,21561.5938897392,21881.4359810267,21802.2815363079,21780.9348674181,21722.488303295,21666.7253118196,11.8769898212443,4.82363214470422,17.4393269677135,9.64704812082401,10.2648215764559,11.361108628209,12.8677548065343,14.532015652471,43.8303361937068,55.5374684556577,30.2225802555031,47.6333499424381,43.2064162942852,41.9240311298925,38.6080518130149,35.6385549772845
"74",88841169776.5655,102202488258.73,73178296507.5311,93193866233.3912,87770676617.3871,86304478381.6398,82549773059.8409,79159833219.0534,51810.3764372923,52233.4036366484,51177.7587059292,51957.9644401456,51763.4088216,51711.620121871,51567.5141853186,51431.8500846846,13.7229415542778,5.47805817392128,20.6071682432322,11.0835031493204,11.9149063432622,13.203393013053,15.0493774389754,17.0691776263687,50.6522696036539,63.0746282044389,35.7461648394585,54.7325661293986,50.1604453853031,48.7324201965489,45.1674882987513,41.8793954940696
"75",80341308850.0865,95208896377.0233,62575762393.5542,85217802363.6924,79534918752.9812,77842109491.3719,73598287410.5524,69696704320.4129,135149.494359033,136438.159290947,133091.445912258,135607.077189385,135030.511972297,134863.113625027,134409.416866155,133965.796964626,13.939995026193,5.68525455244631,19.7870911194477,11.3574271376903,12.1626260945354,13.4215494383952,15.1467211179613,16.9689237304998,51.4740998493569,65.4663878599489,34.3748261417347,56.1002207906159,51.221140912901,49.5582787281132,45.4857449673931,41.6665097858068
"76",72401787369.9344,88103931817.9687,54065151544.3661,77511250106.3612,71607292569.488,69870060508.606,65397462368.9493,61376247985.0966,26296.8297674997,26626.4862534511,25717.9432329442,26416.6804070445,26275.7081794967,26230.0614541822,26107.1889853099,25982.2156083681,12.1843328372114,5.18756318964794,15.7924991211273,10.0863442862532,10.6216491537151,11.6553727623386,12.908080119543,14.1938451663249,45.0029418861228,59.7390957515849,27.4605725953377,49.8303556166074,44.7414646188281,43.0482244570918,38.7771073292014,34.8697596079746
"77",66478180841.8178,81383127985.23,49830218308.1646,71255452316.0737,65358510224.7848,63822505788.2068,59660725076.6289,56078738810.4369,23255.5876019358,23622.7936426237,22587.4224934614,23390.0673384839,23233.1045152756,23182.3224331167,23040.3543196777,22896.8392400826,10.0142801234995,4.40657565210307,12.2912085607341,8.3843195587575,8.63915640958092,9.45537244595025,10.3255491841859,11.2371725248372,36.9871808328668,50.7453867035515,21.3672162605644,41.421415405844,36.3899110760199,34.9217944751558,31.017400629221,27.6037778354238
"78",61321603392.8745,74412522284.5928,47170118957.2178,65472704920.324,59819443943.2207,58554594772.1191,54997321317.5519,52034899421.9138,36434.7376863522,37074.763201086,35322.3883486772,36666.452367912,36375.9987736595,36292.3935656521,36046.4804949716,35808.8094803652,8.5513996432608,3.77064023911815,10.6934836186673,7.15681341435682,7.26617870060139,7.96626013915693,8.70586996336957,9.52011048805993,31.5798972398591,43.4209057096831,18.5781972880579,35.3541357955191,30.60284738801,29.4175846201171,26.1462205065959,23.3784372075111
"79",56862218307.6187,68179530910.9185,44668069307.568,60447735428.7195,55177847461.1391,54107961629.1183,51096521060.5313,48594782662.934,54574.3374820168,55565.3702227944,52963.4292273577,54927.4001501223,54435.7520520931,54314.128650308,53945.433899,53604.4367146819,7.5700537235954,3.30473915039923,9.71118928862099,6.31082571161096,6.36493275682582,6.98998198643285,7.68277543209193,8.45191827351447,27.9557063970236,38.0557196032204,16.8727592403082,31.1748731117517,26.8068000013677,25.8121108135088,23.0733286699607,20.7551675198186
"80",53783711758.2329,63694811538.5829,43016633461.0109,56932469886.1684,52113928926.8199,51175442038.9691,48567441051.7682,46378408188.1646,39905.7587072755,40637.4464272515,38758.0638309383,40164.175465528,39774.0595685875,39686.6308848827,39423.2304357316,39182.6803327392,6.69338864528267,2.91015534605543,8.61393973150738,5.5732329846178,5.6004285812414,6.15113794916477,6.77576855355574,7.46104241908098,24.7171096927514,33.5115579438582,14.9631441668705,27.5304235952312,23.5859449105148,22.7132685333921,20.3478201830413,18.3199017300445
"81",51645785664.4362,60381333675.8495,42122833217.8383,54424000058.2192,50078701949.2763,49252445021.5363,46967609497.5604,45040656802.9452,57177.5193815019,58209.8269719112,55591.6548877692,57540.2179149914,56969.4810036094,56847.3051402395,56486.0843315179,56155.6035019593,11.6053458383166,5.62440023640877,12.3487411225413,10.0713016588881,9.95431675734406,10.704419799604,11.370740976022,11.9493664656165,23.3150054392087,31.0455496750742,14.7047279866184,25.7913468009605,22.2697871173387,21.5008597522437,19.4291628708062,17.6431889046121
"82",43397187528.4338,54269429288.147,34864202123.0503,46674718339.3138,43070536190.475,41939933009.6998,39633501785.6563,37658125588.9564,69333.4518557816,70538.9969995035,67529.9474926582,69754.0929889613,69078.095756629,68937.7205714924,68527.1318875888,68152.7861761734,9.60504620745045,5.26855328566044,9.65681517217165,8.69440520932138,8.61652198392909,9.06858020707158,9.41270558780287,9.63856138003613,19.2767258904053,29.0777391348788,11.4294087418037,22.2529827688055,19.2620649777552,18.1965772494143,16.0576021765754,14.1946304957439
"83",37452149794.8775,47439881746.7477,30285759537.3126,40390114305.7019,37098056959.3148,36124309216.5599,34139026606.36,32520922245.9316,48753.1102152331,50134.1099985894,47165.8596839347,49228.4207447233,48702.3234796867,48521.2978801364,48124.7397609452,47752.4777762235,8.86910956848084,4.89619841929048,9.25754403445561,8.02584193253609,7.92949663121167,8.36092202714603,8.71967829752218,9.0214597150057,17.8069256797004,27.0246918754006,10.9867227949888,20.546803938572,17.7321077213224,16.7836797604055,14.8850152571804,13.2998909578343
"84",32335221250.2195,41436593818.463,25817713432.4396,35009716985.1551,31960852853.4932,31076768367.5767,29296386745.051,27836531887.0639,132382.821838024,136876.013704126,127672.362966835,133901.48405591,132186.098404839,131628.424057793,130409.490633363,129325.228114339,7.37764144527239,4.23926660012616,7.1433798283946,6.78196288878809,6.57488041540861,6.88576540465405,7.07598660575036,7.2014424582748,14.8194578485731,23.4011079648212,8.48940896516674,17.3677590671594,14.7086875318855,13.8290081579992,12.0869049915516,10.6258475934303
"85",28665537044.471,36520332697.17,23200817701.4741,30952427186.4441,28218881558.48,27488052501.0508,25995754944.2244,24799157503.0286,87272.8271761563,90787.3617050196,83555.2736935366,88463.901806893,87093.0296167187,86654.3678515402,85705.9904549065,84855.8516619925,6.02676077481456,3.53956277544078,5.73341650924285,5.57981578671161,5.31826055703013,5.56189171464521,5.68402596219069,5.77051503200885,12.1003409893331,19.5373723435063,6.79448919917333,14.2854659135764,11.8925189538726,11.1642813934509,9.70118102146048,8.50362211040798
"86",26365626491.0662,32931343204.6344,21851658189.2731,28267537826.4207,25876545294.3868,25284947050.1801,24068425613.5329,23101811441.5788,36897.981821333,38508.2545779459,35282.2606346948,37435.7342653468,36784.7818008707,36593.2222583894,36175.6525705323,35812.4391397704,5.57983282872525,3.15380161586617,5.76479172845341,5.08410283960775,4.88970479880839,5.15384373655711,5.36431743463963,5.5575046057357,11.1975342720111,17.4062762919776,6.82369147334253,13.0121504108217,10.9293837487805,10.3397916372456,9.14920337119506,8.18253255689986
"87",24749819908.2168,30565762128.7751,20625885791.3742,26449695073.7302,24325754220.1597,23784092548.469,22688779231.6925,21793806119.3722,25838.0213419907,26955.0827609598,24774.2734306194,26204.4941472718,25736.9111854139,25610.5028845646,25335.3979367596,25100.9107157365,5.27838655434184,2.92276438311881,5.53774397943628,4.77749287403927,4.64599105638288,4.90445561365217,5.13532301825778,5.33469055498309,10.59662934623,16.1320223541368,6.56939753589212,12.2300526994817,10.3881885782024,9.84371404749454,8.76453691942225,7.86253638752329
"88",23733525294.8993,29100680468.5835,19874574603.7772,25310738472.882,23374690701.9008,22861713047.7338,21829374580.7441,20977820236.8284,23130.0757792365,24133.250672611,22162.0540720492,23459.4504281042,23042.321354182,22926.7063851621,22679.9910392139,22464.4276633325,4.52976693640607,2.57839966732451,4.47565114157016,4.14754715601697,4.00389758080548,4.20246209992044,4.34433333960954,4.44684254075703,9.09741743459985,14.2325182526811,5.3157465022108,10.6202278075957,8.95572493513832,8.43839037504399,7.41886732302111,6.55903331005236
"89",24175399030.9522,28940513915.8442,20820379133.4785,25567345845.3221,23794850075.3142,23351152644.6283,22442140212.5398,21709284501.5402,32371.5526891476,33777.6398205827,31012.4586384145,32833.3406205044,32259.7758812875,32095.305646097,31746.5265676319,31439.3968896296,3.78190368342241,2.19646473004914,3.65737507383854,3.48694869641249,3.3277821603035,3.48579878831018,3.57931147433066,3.64766111367996,7.59331971597273,12.1238222874724,4.33585608767838,8.92732472268539,7.4415899888316,6.99714930138279,6.10934059365787,5.37596409536007
"90",26120094805.5051,30219091193.3225,23267862431.4379,27312282296.3402,25687305084.4762,25316543136.6035,24545124773.6423,23933231626.828,238396.079047175,247461.774637628,230144.575663388,241319.254223644,237550.780940273,236538.376345982,234368.680635262,232519.125144505,3.48175949688309,1.9647878936227,3.59065047195911,3.1715761554987,3.04744460217345,3.21120771003459,3.34206168342362,3.45928475363819,6.98653033006086,10.8437656798292,4.24812132870483,8.11683295696952,6.8111323538258,6.44186446764827,5.69937854400139,5.09222407977668
"91",28201962281.4047,31868488676.8075,25591001976.5534,29275552415.5514,27756902840.1379,27418124120.5027,26718468873.8195,26154217313.9741,38833.2313352056,39968.4855800236,37861.3705607052,39191.4574870912,38696.7064870469,38576.8329541778,38318.3663695174,38104.1568010745,3.54645706714716,1.91450488153961,3.89045851699724,3.17859257988089,3.11611053839899,3.30272034364323,3.49051410501409,3.66170487014264,7.11384463006487,10.5652829249501,4.60011478689228,8.13275551760734,6.96259777421696,6.623224442888,5.95014431394692,5.38761618313083
"92",29490719052.714,33026093659.3649,26889737985.95,30537363453.7465,29067579596.5956,28723676565.5849,28026349393.1426,27448739409.5351,41077.5750123222,42030.1401007617,40268.2623353032,41376.4760260292,40948.2380348539,40847.5394183324,40633.1535152839,40453.6500977775,3.80382828726799,1.99286497324673,4.30566915762638,3.37521068533813,3.37050844287004,3.58187867137598,3.81501485058022,4.02408594061359,7.62861390576477,10.9970792338428,5.08941662111984,8.63457361274762,7.53000059103234,7.18191906937953,6.50213799427802,5.91953515490453
"93",29870914702.6892,33506012827.5217,27135208335.4422,30956085832.2809,29476356287.6007,29106294750.7319,28367276431.2303,27743774757.3028,604490.813260734,617041.923369744,593580.937542123,608453.449542411,602823.358872129,601438.984194163,598548.266536977,596064.999362905,4.20889196960862,2.16606512901948,4.85089507769355,3.71282353497363,3.75482465876139,3.99570671709678,4.27200345074671,4.51841933276787,8.43968411822837,11.9523260028231,5.73186137278049,9.49722532594079,8.38774704632095,8.01071846299823,7.27992779886537,6.64543829239102
"94",29815094633.7171,33736905254.7924,26819645669.2182,30992369283.2896,29443906129.5776,29032074623.8242,28217087550.2026,27522241015.126,48103.8265320766,49105.6767195112,47208.7978404949,48423.0405392034,47983.0443123157,47867.3566450726,47629.0650444744,47420.118249287,4.8123044272587,2.44137315293527,5.63997674625628,4.22445112969294,4.30855970003564,4.59119096222387,4.92521160411156,5.22463359645122,9.64778088411285,13.4708154197569,6.66060479007072,10.8045026009924,9.62333784167453,9.20299546610986,8.39117934607038,7.6818008674877
"95",30579690933.9211,34996393244.3635,27162914409.131,31911604761.0485,30219390530.0155,29746109034.483,28811956987.1373,28011088753.7233,58034.802073251,59333.8374028509,56839.180223641,58452.9855422664,57897.3362223898,57741.4967299855,57422.3325358373,57138.2884136232,5.61189658874504,2.82088685014234,6.63681225326797,4.9114421109111,5.03266125816674,5.36677573912467,5.76849979443196,6.12828914770974,11.252005340867,15.5650591447518,7.84300619925495,12.5622792037343,11.2417858376482,10.7590303506192,9.82985792426459,9.0131895935184
"96",31637416425.5879,36732466367.9887,27668360763.0873,33178117682.6054,31282579632.286,30730409759.5296,29640955417.9945,28705084473.2307,58545.7599156678,59941.4608572418,57217.8699067809,59000.0888084067,58417.2577573807,58244.6228905173,57890.4581490708,57571.7431237975,6.11210655703978,3.12552787711159,7.0049387020233,5.38574317816603,5.49041998573381,5.83579517364765,6.22883950417666,6.56591685022774,12.2629118276769,17.2483826670665,8.29777653195308,13.7812317029379,12.2710985553844,11.7071418936596,10.6241498499902,9.6692624753137
"97",32648146817.2681,38294930831.0478,28320347239.0176,34347629817.7789,32261835876.3135,31659761106.9642,30463405779.5489,29448205103.3258,52160.7725634243,53492.1394363098,50851.8324121481,52599.0549906109,52054.8236542946,51885.9821405278,51537.8921004753,51221.8729060705,5.73477356151987,3.08653045979538,6.06120494594469,5.15122920208711,5.14977943883728,5.43095664495709,5.6905235846784,5.88733137505487,11.5150443928991,17.0362329634256,7.19810655942091,13.1881272440119,11.5174527867367,10.9037489404391,9.71648484864216,8.68263147219712
"98",37992290607.0384,43633554653.7561,33847261784.1862,39667272066.7804,37458417773.3895,36890314660.0541,35735373344.6784,34787784567.0309,506064.469534321,519457.569449236,492894.236817313,510480.892756902,505007.124868521,503317.008299738,499797.084560808,496628.510877122,4.69738252201441,2.69567989065656,4.50945612170442,4.31988562223139,4.18431684582611,4.37561716770557,4.48298306695146,4.54334646849478,9.43587311023669,14.880436243601,5.35930846272046,11.0628654202946,9.36123835377173,8.78830004412666,7.65826359704381,6.70443220619705
"99",47428634883.6857,52443360688.7353,43917106193.3123,48893652869.689,46671031185.6476,46205353913.5451,45229072015.1784,44461109334.9951,45375.8288246411,46297.904499365,44535.6699840559,45672.9173095607,45276.4234415961,45167.983692909,44938.6224684078,44740.9527690838,3.87855297983586,2.27012316962719,3.72064019176609,3.58611100243954,3.39544984553061,3.55184433228268,3.62996346253201,3.68824111300218,7.78494662528556,12.5297948364549,4.40266962954579,9.1795580139334,7.59101960218292,7.12746045425088,6.19267053480742,5.43147422923856
"100",55928511283.2087,60186457970.0087,52980057874.9758,57165551821.2375,55021732881.5929,54642805716.0023,53841925465.0137,53217358474.3046,45428.0053314386,45987.7916783664,44970.2735118727,45601.9443041877,45334.3257547576,45275.4176572856,45148.5031971584,45045.2805902075,3.84398532071846,2.0014742478371,4.5499040510225,3.39477852506835,3.32210032534291,3.54880516244135,3.80321333695111,4.0653670748813,8.43709375346002,12.4270483634177,5.61622544303066,9.60437274872984,8.1637519293685,7.78698960709877,7.02571031261153,6.40760885477397
"101",62527016040.2198,66515703072.3668,59329897524.8526,63730674448.5477,61577974981.4312,61188530132.3792,60371035201.202,59682662123.1044,160206.757442329,161464.212771415,159231.262478119,160589.301087587,159916.638952076,159792.871394156,159526.203505124,159313.31289298,5.40954766583736,2.5243356000007,7.06578952459367,4.60632301038337,4.70952322069798,5.09411424006711,5.61814385608532,6.14059284319505,11.8731410768223,15.6719546660873,8.73805892491328,13.0305913394672,11.5733493394174,11.1786070675723,10.3815268878151,9.6847048651747
"102",67231380673.5586,72111385911.0508,62957719449.1549,68749346878.6564,66462000738.6482,65917844779.337,64824338910.3081,63840805940.2224,108909.146871671,109563.673752205,108327.60711128,109114.448373672,108742.186736742,108672.327145023,108523.052562037,108394.513583944,7.11317209948656,3.28451086380528,9.15100565496216,6.04916183791518,6.29663513105102,6.79642229558024,7.47825576291423,8.12074712200487,15.6174464145577,20.392565867119,11.3294017870889,17.1156656134911,15.4786760399412,14.9200540163615,13.8262588400891,12.8169543203686
"103",72858845467.2414,79178500233.4948,67277394579.1769,74833272197.9668,72235926620.3788,71508306020.5673,70041760976.8696,68724292571.0289,56948.7996843662,57310.6597385972,56590.3876662867,57066.3604732737,56887.3567440944,56843.1165665795,56752.1845687964,56667.9967698892,9.32757091313925,4.29983598905599,12.022122713004,7.9291280511381,8.32726592425005,8.98578637456578,9.87743151565383,10.7188069441629,20.471866428379,26.6943842839929,14.861352134763,22.4296785882709,20.4646431584186,19.7194281293677,18.252829172629,16.9051410837245
"104",77846508226.8089,86094119386.5426,70537700052.4426,80426201720.9973,77337953600.9691,76376561286.0774,74434631597.2348,72692795313.9008,53231.6633359453,53602.6789192039,52851.4264628049,53353.7394575331,53191.8853143163,53144.6211734075,53046.6426479042,52955.3842747692,12.6933146279101,5.80157813973069,16.5558952672211,10.7569020947377,11.3737001387108,12.2870133224537,13.5378608556316,14.728273847014,27.8678499469747,36.0196727771502,20.4982875390124,30.4347793831598,27.9591788461189,26.9733395388933,25.0296930788179,23.2460543730848
"105",77322743443.3465,88353749074.2469,67482206885.5958,80782009239.1115,77013820829.0982,75705731849.3791,73084655391.6922,70717170846.1931,48043.6453850788,48422.2466841939,47640.7554824357,48169.7489624916,48017.8744403775,47968.2962406412,47864.5786190161,47767.2431789998,14.7220414154456,6.98005775673167,17.9929519414362,12.6532943238589,13.2629333239103,14.2361602205012,15.4684463453261,16.5690353885429,32.3582907076772,43.3475221761452,22.3644456099423,35.827035747858,32.6344771449585,31.2881297201426,28.6438419044149,26.2074902917845
"106",73349534089.7035,86682340305.5222,61872544617.7213,77484780824.0662,73061902318.431,71534526636.0674,68428585764.3256,65689293582.959,44516.0435222671,44977.2091702423,43989.238067276,44673.1485798258,44501.3836945144,44438.0938819847,44305.0489350904,44177.154382276,13.369471846592,6.86739707285457,14.2830051994561,11.8401948311301,12.0693708700583,12.8000644672147,13.5005559165487,14.0279692993749,29.412251029941,42.6570855094006,17.8018069543816,33.5454055304449,29.7202912145202,28.157587490678,25.0302132637603,22.2243715518904
"107",70348500509.1741,83716950748.9626,59616027921.5761,74402323063.3287,69693451301.3673,68292107587.8909,65336581058.4029,62862694515.9651,43628.4005333229,44214.5558741358,42941.8581405158,43830.0110204618,43613.601806453,43533.1999044944,43359.6474206307,43194.2599632419,10.7340193699474,5.90650919595073,10.3867298170783,9.74225037986628,9.57399103144369,10.0755004698585,10.3722252125028,10.5630404403252,23.612084098611,36.6888329736813,12.9239771078696,27.6008162591365,23.5731385724564,22.1608945675348,19.2245268545249,16.7256563234107
"108",68951182462.1849,80676819898.6053,60028175768.8508,72442699466.299,67869054390.9581,66745533232.15,64308217272.4542,62350906019.6164,43404.0321027779,44033.6212095684,42715.4950192838,43616.8153007861,43367.5355506746,43287.3238781426,43107.9513322876,42946.1277964771,10.0748370676732,5.37760249571454,10.8227283246428,9.01069569914135,8.80454044254017,9.35059243347625,9.81234565705488,10.2594083248016,22.1341944259679,33.3955942967977,13.3966480358538,25.5083091489058,21.6544557686246,20.5384177104525,18.1511507896728,16.1996313590007
"109",66843488090.7933,77506847717.8695,58500480962.0803,70039975118.6868,65723507262.4314,64690257288.6224,62499581782.6787,60686712727.1918,43343.9179040774,43926.0761472027,42764.264973652,43535.2516375642,43280.9911958721,43213.7012130497,43060.4275764707,42929.5305938091,11.9124413938024,5.85907297684994,14.5059800599287,10.3354099072418,10.3990643401958,11.1742761277249,12.1019861003892,13.0228092775812,26.1624199978228,36.3812658228941,17.9656755751792,29.2502940047448,25.5685513773848,24.536219326088,22.380036661364,20.5590947568401
"110",61726706464.0841,73119789597.8268,52202819825.7365,65216195881.8341,60972913154.2106,59764900651.815,57308980691.418,55156469186.8679,43166.2956410631,43730.5903292472,42596.5199227986,43351.8629064262,43097.4133311409,43031.9543813903,42886.7241691851,42759.423294165,13.2903846860813,6.49010466258844,15.8480081053201,11.5273004131412,11.7378666298667,12.5832461970478,13.6057767655701,14.5403561041211,29.2124949905161,40.3057743911476,19.6945383942821,32.6400522292831,28.8812855789693,27.6544957284658,25.1929321727961,22.9960982475091
"111",54183640794.2481,66731722821.6076,43664244704.3441,58036751961.3519,53738974069.8477,52380139031.7139,49615201756.842,47193305744.9663,42868.212177072,43552.1315159481,42094.2282496976,43100.6352454213,42814.8665206129,42726.8608347467,42537.7364385714,42359.6707835676,12.3532659729586,6.35481077082608,13.3524550903245,10.9350340517692,10.9932092745129,11.6781097045,12.3574428840143,12.9021148487206,27.1694343936226,39.4712224849656,16.6216926270471,30.9758737569013,27.0634677773883,25.6815508446685,22.9006412757018,20.4275384608674
